id,pred
1723,0.89602596
12736,0.83244896
12274,0.69272131
8823,0.50660175
5087,0.82855129
13178,0.65526813
11799,0.63785428
13425,1.10515630
12497,1.17490387
1185,0.79657835
3584,1.10577631
5851,0.73773104
14311,1.16197276
7836,0.80993682
2321,1.07867754
547,0.75703764
9095,0.72864693
4614,0.81573343
12698,0.94418430
2674,0.89842176
6814,1.06968558
4611,1.12581253
4334,1.13080299
9101,1.15804636
6585,0.74882579
12156,0.69789505
1183,0.84666920
2428,0.80378795
11600,1.14379394
3162,0.97008002
13798,0.67898029
1783,0.81818318
13683,1.23837173
14347,1.04376483
14472,0.66341162
8589,1.07845116
10411,1.24792957
7942,1.02741170
13715,0.73612714
8838,0.94252831
9644,0.62957454
8093,0.94074535
1734,0.71492028
10725,1.00471842
4556,0.81289542
1380,1.22908747
2722,1.31424928
4072,0.73065639
11293,0.82124972
12003,1.21414828
13564,0.78546989
8294,0.77750152
3393,0.66199100
8051,0.93614668
699,1.24086881
4557,0.89156330
8091,0.90163255
9704,0.94088715
11650,0.97701514
305,0.65945232
8300,1.00141406
13525,0.75509650
10166,0.85091311
11107,0.66217208
9971,1.08403182
7732,1.02388728
13466,1.21189451
3406,0.91471118
5338,0.95680887
6835,0.93078929
14359,0.79606891
4837,0.99825478
4741,0.70921999
5651,0.88883972
8779,0.91371679
5055,0.88380009
4744,1.06550086
1804,1.09890378
3992,0.82428360
14111,0.91205746
12047,0.95503247
1156,0.79138345
1920,0.65803039
9307,1.09455180
5881,0.92341495
12531,1.08397615
5878,0.64478046
10742,0.90438551
7625,0.83396047
30,0.97146451
4879,0.64988315
356,0.86863220
9781,1.01175189
1457,0.94725525
2876,0.65861291
1626,0.80137980
4929,1.41088820
848,1.07352698
2300,0.98200452
11987,0.78480589
3427,1.25334966
13492,0.67242694
14170,0.84952611
1960,1.36351001
8013,0.57524383
12019,0.86178470
7896,0.81552678
7371,1.10040987
6780,1.10333955
9855,1.14144516
11685,0.75729442
2290,0.75009394
473,0.78465992
4422,0.89875418
10966,1.08935475
705,0.89395505
12994,0.80890304
2448,1.24941242
2662,1.00810862
6143,1.09557807
14075,1.04881954
214,1.61931217
4150,0.61773497
6850,0.67587727
14868,0.66461980
3263,0.92248678
10879,0.80993909
9588,1.12345564
15043,0.67062378
11065,0.93138152
11939,0.92408198
8976,0.97917885
6560,1.11538637
6526,0.92207003
9402,0.98613667
9368,0.73437417
40,0.92455345
11862,1.22439241
3421,0.52422047
9105,0.86587089
4075,0.95774126
526,0.91912138
9020,1.09545100
8239,1.05475342
11469,0.72857463
12610,0.67707807
8282,1.09641242
11701,0.87476665
10560,1.04229128
6012,1.01510167
9174,0.86387855
4019,1.13416982
67,0.87092465
8520,0.97663993
10415,1.00389886
8775,0.97002339
10356,0.69224811
4560,0.93190032
6759,1.17487562
13246,1.09789610
7890,1.07587159
2498,1.08694720
556,1.00989509
9349,0.88517690
13987,0.84963304
7007,0.98112720
6736,1.24813700
4365,0.88719684
3411,0.79309326
1776,1.30736232
12418,1.03289390
14894,1.22059488
4286,1.07107842
1412,0.86718369
3901,1.24573255
8854,1.04631603
4721,0.72519064
709,1.21263587
609,1.10171354
7102,0.77784598
6277,1.04199433
12279,1.07266951
11020,0.76864338
2966,1.07736599
583,1.06020319
9420,0.94914842
1260,0.85121465
7477,1.46619773
3226,1.36796665
10865,0.99083060
10397,0.87840128
4378,0.77767789
13267,1.21023357
2073,1.15060544
14594,0.95615399
9114,1.26453841
8383,0.73291451
4272,0.95192063
6432,0.84054202
10156,0.97627240
8474,0.88972270
3286,1.16459286
12069,0.76870620
7713,0.73220158
12725,1.06507778
5581,1.26209211
4737,0.63224936
7921,0.67985189
10417,1.35772264
4805,0.78163433
7659,1.20009089
672,0.96148968
1340,1.02417541
14931,0.89998913
9191,1.09058607
6280,0.67243600
1748,0.93477106
7932,0.69120032
7627,0.87551290
8421,1.57351494
4496,0.86515874
659,0.64758343
13154,0.82019907
6590,0.66904336
2056,1.16245151
9689,1.02144170
12759,1.18286312
3234,0.96048057
5558,0.71129668
2355,1.12791181
5426,0.84703147
15070,0.86026347
12540,0.98856091
858,0.77251750
10165,1.03577316
13980,1.18093586
5268,1.02725291
9996,0.81900221
11530,1.00503492
2653,1.26969433
10547,1.48369622
4368,0.73965806
10632,1.17366278
8374,0.80942553
9777,0.99421000
5441,0.48772952
3111,0.99690545
11364,1.07837093
7777,0.78998399
3836,0.69001687
4950,0.69131559
15079,0.79843563
9011,0.78328764
6623,0.75681239
12508,0.76573104
9771,1.17595828
7143,0.69558400
8501,0.80293953
10572,1.17188227
14627,0.72387272
6394,0.85474306
12649,1.00830293
9449,1.57986665
13350,1.06300569
8510,0.99920130
11991,0.99995685
13513,0.95579582
5703,0.87781090
12311,1.19006801
10322,0.67104214
13927,0.84850287
3532,1.26872432
7935,1.03240454
8990,0.86226475
14632,0.77394176
7199,0.74663293
149,1.40588701
61,1.14096010
1815,1.13150287
3951,1.15096080
10828,1.04176271
1914,1.03834665
10298,0.73345637
12376,0.97740978
5244,1.35305214
13903,0.99763888
10138,1.18229735
713,1.12508810
6774,0.96926993
11532,0.87785822
2987,0.58573329
10867,0.52828598
3311,1.03601158
12897,0.96242326
3855,0.83521086
1747,0.94874960
7265,1.28350091
4894,1.01548159
4978,0.76210833
4384,0.71332598
14780,1.17407155
3355,0.80438805
8497,0.88522017
10557,0.91263616
2184,0.72777057
8129,0.78641284
9082,0.66493171
4323,0.75017947
749,1.15301645
6602,0.99329007
3030,1.11518478
10746,1.10713983
6303,1.13808870
3615,1.08364928
2255,0.97756702
6088,0.71755546
6825,0.64182961
9908,1.46235383
3115,0.67060864
11702,0.56068319
2983,1.44950104
4743,0.86653674
9880,0.85868907
1207,1.01681471
10232,1.14767981
10058,0.74700034
11282,1.05720460
471,0.82172972
11053,1.15443075
14020,0.88402623
11986,1.18771064
2199,1.07996511
4310,1.62110984
2493,0.74823380
12194,0.98896694
10317,1.06969345
1824,0.94707149
3248,0.85428530
4802,1.00192869
3930,1.02889574
14362,1.16716433
6115,0.78974473
8336,1.10019624
14182,0.85211164
8676,0.82419831
2077,0.72252113
12456,0.83155400
12613,0.76616532
8736,0.55496037
10575,0.79011214
10236,0.85745031
2348,0.95286870
13954,0.86961621
3003,1.23673391
13215,0.69022608
12426,1.16542828
761,1.00061333
12308,0.68872213
4349,0.56748486
13045,1.19527662
14691,0.95766711
4469,0.80414188
10983,1.18676257
9656,1.24852061
2324,0.91171533
7237,0.49929640
11257,0.71701968
7559,0.78439683
3035,1.15586889
14741,0.81745654
10362,0.59348756
1976,0.97747576
8115,0.98774213
3995,1.05375004
2641,1.11284649
5503,0.83783126
5080,1.21359491
10181,0.79826659
4228,0.99798095
4938,1.20839071
2882,0.84695822
6499,0.57626677
5603,1.13500834
9571,1.01921248
5783,0.95695925
2277,0.61901784
12659,0.66751391
6437,0.98964041
2166,1.43445671
1126,0.74922878
3566,0.86047447
10437,1.02457798
12429,0.95063543
735,1.06696391
1007,1.03862011
13770,0.97466654
6888,0.82399768
7892,0.90413839
2043,1.24939537
8494,0.70230913
5464,0.70320827
7326,0.72148591
10622,0.89663285
8538,1.14943075
14520,1.09090221
8065,1.13785160
2471,1.27759397
14567,0.68313599
1072,0.72017628
7512,1.08572543
1678,1.06642759
1061,0.64007360
4622,0.99523580
5841,1.12341499
1676,1.00785923
1541,1.19352794
5326,0.88960344
15,0.60956436
3102,0.93037295
4395,0.86110532
2506,0.96866757
10064,1.13513553
3324,0.70471090
3189,1.09374154
11088,0.90375936
9954,0.87040144
3643,1.04024208
9506,1.08219957
8079,0.93818700
13276,0.87956244
9826,1.23775208
4261,1.31275821
9949,1.20466864
7507,1.14739919
8633,0.66900063
354,0.80644983
9793,0.95288503
2135,1.07599878
13219,1.22767591
14428,0.93368495
8639,0.92651713
3891,0.76113796
7333,0.95296836
8756,0.98172814
8620,1.10639632
13592,0.70882416
1644,0.87415427
4600,0.86154068
3129,0.99533504
3625,1.07410228
2566,1.07157290
2567,0.67129457
1169,0.76114893
10776,1.15004313
5830,1.00341654
10847,1.06650376
1085,1.06510341
12503,0.64983809
10485,0.71793264
3721,1.15263629
5127,0.94840682
1521,0.91123277
2931,0.81251752
5689,0.79681826
14440,0.79832691
11932,1.24450696
942,1.13801968
12406,1.00333762
7540,0.81952983
7181,0.94725388
14331,0.50787055
12477,0.92353433
11553,0.84408736
10978,0.71180654
13043,0.71027040
4275,0.85063142
6321,0.69219053
475,0.97768813
6223,1.03688729
14022,1.00976753
2405,1.18652511
4579,0.85229725
13029,0.90832382
14913,1.29140460
12333,0.60329199
650,1.16240656
11515,1.23063743
4302,1.08508921
7981,1.04391384
2246,1.34785807
656,1.04562843
7049,0.60299248
9621,0.78549582
3813,0.75118655
10477,0.87350768
11919,1.24556053
5184,0.65753376
1474,1.07056236
11943,1.23317921
12527,0.74707127
5626,1.08280993
9055,1.11743760
10831,1.06176913
14355,0.95030034
7293,0.83583689
14580,0.89398426
1390,1.07371616
10480,0.81662416
6331,0.69656980
8247,0.73235691
9459,0.85588068
12906,0.81771189
12086,0.83663052
12925,0.74905634
5145,1.12161314
7160,1.08860075
11675,1.05799735
6226,1.16808248
9552,0.71322411
13557,1.01577413
6497,1.03259027
3505,1.03674090
492,1.28675663
13168,0.90309530
7471,1.19382596
2854,1.13272882
14804,0.58286268
3151,0.82650512
12551,0.77430356
1740,0.63804418
218,0.70294213
12557,1.31986570
2614,1.13371241
5386,0.96722704
2423,0.86417711
9628,0.78353339
9381,1.04891479
6922,1.18247533
4972,1.10858393
4602,0.70282269
822,0.89296150
5000,0.84464782
12402,0.74339944
1295,0.99375582
5074,0.97318083
14631,1.05019677
5495,0.92596924
7852,0.86836892
12318,0.90926462
6629,0.80024606
11984,1.05067194
5811,0.74509645
4623,0.70806396
9844,1.61365521
12277,1.21937871
12813,1.09668541
10193,1.09101474
4509,0.98367858
913,1.00885236
7064,1.09184635
9893,0.66784704
13929,0.72876984
7825,0.87761897
11221,0.98392528
3098,1.03229773
5969,0.90949303
5248,0.78101695
12728,1.12218428
2274,0.84967363
4292,1.07148778
7947,0.72490531
2602,0.86677557
8014,0.78627270
12936,0.78983378
10441,1.04396069
14778,1.35845637
13486,1.24420691
8179,0.72134846
3205,1.15798640
9493,0.86938143
12892,0.95373988
15067,0.95506132
8802,1.03698671
5892,1.48769426
4195,1.26670980
4416,0.95330173
8623,1.03827310
4495,1.17926717
3711,1.01556802
3979,0.76089770
6697,0.99634278
1793,0.67844254
9086,0.98419982
7678,0.84310246
13651,1.30365705
5715,0.60868144
10079,0.82735032
14129,0.71337187
14179,0.77686733
4297,1.23976028
10370,0.93613797
9135,0.70814025
11590,0.68195403
147,1.14417422
7759,0.68520832
12672,1.01398945
10751,1.26079464
9539,0.55268455
10337,1.05484962
10349,1.04470003
14822,1.09054530
94,1.04808259
11206,0.84975797
10286,0.87371927
11391,0.85603368
11794,0.65999871
13509,0.67083240
2061,1.45113671
6521,0.65735227
6090,1.08895242
6761,0.70571476
9149,0.91361701
11231,0.57007682
10015,0.88234699
3806,1.18548834
5756,0.96167296
223,0.88962334
2265,1.13649261
7041,0.96040982
8855,0.99295056
555,0.96490788
13854,0.93894768
291,1.23194861
11262,1.06120825
13122,0.99378520
527,1.04079747
7750,0.77254301
13132,0.96247178
6191,0.60057586
12693,1.12582099
3646,0.79569143
9249,0.93140149
5081,0.93473506
10194,1.06218684
12888,0.88983554
1731,0.89830905
898,1.31162393
13311,1.02372491
12027,0.80827844
13500,0.87891835
11307,1.28907776
12360,1.03580832
9358,1.02695179
7125,0.95809865
1327,0.82785177
3088,0.98329318
6949,1.27924871
3166,0.90362924
9958,1.13707721
2314,0.74454606
167,0.75957197
2981,0.87687659
7930,0.87240607
2760,0.99545205
11691,0.82267231
4017,0.88705492
2354,1.19070733
8703,1.26081896
6409,1.18387520
10710,1.21148813
12034,0.83995903
3087,0.77071911
2580,1.04632151
1719,0.91090763
8426,0.90419358
9533,0.92781574
1556,0.84315747
13433,0.78547382
9026,1.01901054
9442,0.70323837
12159,0.73912579
8766,0.73023933
8799,0.74000710
5020,0.80352664
12909,0.88594687
10223,0.96547055
1319,0.74165410
6131,1.46603036
4926,0.74197549
6197,0.65825629
9028,0.82085174
10230,0.77607596
15093,1.15652287
11363,0.72435427
6289,0.61932480
3067,0.91512012
12421,0.78599077
11361,1.13634455
2286,0.85828382
8343,1.07634270
4624,1.01535726
14242,0.93342441
4761,0.73705280
13053,0.72365260
14445,0.70806038
8719,1.28114641
7711,1.11478937
2698,1.00475729
14296,0.92132062
15086,0.66868562
7883,0.76662993
5853,1.13635862
3964,0.97919226
1645,0.77144176
10372,0.96623302
13856,1.07087672
1543,1.08389926
11840,0.99605101
9668,0.79643053
10526,1.18374896
3994,1.02154791
6283,1.04924333
7426,0.55219418
11658,1.01107800
9444,1.14173675
6683,0.60468394
3689,1.16026390
639,0.89926612
11410,0.80788422
12248,1.02297974
9195,0.71023726
15084,0.78341043
7652,1.11859262
7163,0.91379058
12507,1.47833705
5110,0.76802218
114,0.69825268
3367,0.87229562
5113,1.00144410
9873,0.70329058
3161,0.68845260
8628,0.70838648
2027,1.11292350
10619,0.77387393
11466,1.01915097
5233,0.95311064
12228,0.92888093
12779,0.79904956
8500,0.96344417
12326,0.74836910
14923,0.87597817
9661,0.98931158
3357,0.99664420
9065,1.22926009
9214,1.19195414
2846,1.11011147
7586,0.79430008
733,0.60251957
973,0.96930164
2823,0.99127239
702,0.50369453
8466,0.87503809
189,0.70835233
8278,1.15426469
7367,0.76669455
10791,1.00852203
9945,0.83330661
10756,1.61756778
6618,1.02101064
7502,0.91564941
6743,1.05777347
10020,0.79402739
13653,1.04024029
12281,0.78902453
2411,0.77680272
1116,1.05247152
3326,0.77655035
14559,0.95427811
1277,1.11601770
3547,1.03933740
1919,0.88793248
10661,0.70341647
10773,0.75140417
7153,1.58407533
12868,0.87018222
5933,0.95154208
8009,0.98279613
4612,1.02736807
10520,0.99255145
11612,0.80639398
5825,1.20306015
6039,1.07832873
13820,1.08662975
8046,0.98554081
11834,0.72829235
1455,1.07440305
11421,0.71888930
5806,1.04366541
4468,1.24536943
6336,0.72850585
4294,1.04318118
2299,0.73377371
6490,1.09018826
11897,0.76741743
7912,1.09558749
10840,0.74917269
14786,1.17757225
8642,1.29246390
6644,0.84712929
7104,0.84118319
14569,0.96179336
4840,1.02020979
6373,1.02556777
5882,1.25450337
201,1.07507193
9046,0.87238586
14473,0.59489018
6786,0.98219669
13802,0.82767886
2694,0.67406756
13819,0.68632245
9584,1.02490079
4757,0.76326543
6942,0.97299033
8066,1.25058770
5867,0.97226989
4915,0.96783936
6958,0.78213537
984,0.83254015
5624,0.76477325
4951,1.00862229
2196,1.17956722
10682,0.66386241
12155,0.93591762
7327,1.00168824
6698,1.07959449
4680,0.93666011
7114,1.18866587
12345,1.08832359
13531,0.82083088
649,0.61549354
3733,1.09084833
7088,1.21175528
6121,0.65291548
4589,0.66628969
7931,0.96332765
445,0.92672563
7642,0.90217590
3329,0.84294170
8193,0.83085275
1515,0.98414838
6220,0.93416357
15094,0.76813561
12877,0.66459066
4963,0.79196328
2364,0.63942546
13413,1.04642320
11931,1.08086514
12734,0.98584682
8821,0.97655821
124,1.09952688
12574,0.71628159
3495,0.65507007
1675,0.68769795
10753,1.00602245
5366,0.76139921
6216,0.68224758
12895,1.22064161
7676,0.68156511
3696,0.83943999
7789,0.99906480
13932,1.12539136
7567,0.82236522
13616,1.05081272
681,1.09659088
505,1.09955144
1337,0.91834676
12431,0.59692216
9255,0.83410960
3535,0.72226083
8149,1.25655687
10220,1.00423968
11490,1.25750840
5605,0.69200635
14759,1.12097883
15034,0.96329170
11288,0.74056476
2801,0.91144896
12132,0.77895665
4677,0.73769718
413,1.11580265
12620,0.91304177
7474,1.16732728
11401,0.85468018
12845,0.79241973
59,0.79399788
7782,0.92102206
11082,1.15236926
14840,0.60758352
12495,1.24723780
3950,1.29809713
13135,0.88950640
982,1.25669718
7818,1.24719512
12349,0.93624264
14585,0.89313555
13334,0.97250748
3321,1.03027284
6475,0.99865270
13004,1.15684831
196,1.22789061
14722,0.67469478
11637,0.89893937
10329,0.69183552
13417,0.87518114
6161,1.21673048
3859,1.09320593
15029,1.13805592
11373,1.13983238
143,0.96280938
6258,1.21332836
1261,1.00117481
11000,0.68674684
11982,0.77360976
8399,0.92236638
8004,1.03609657
4285,0.98105055
5283,0.93195146
4575,0.66983151
5623,1.60563707
6224,0.79362142
7339,1.20364475
2982,1.17083156
12885,0.99393833
6250,1.19747782
1975,0.92527747
3663,0.97635812
12843,1.21277440
5785,0.77494901
11007,1.12326992
8010,1.14085567
7264,1.22336221
13255,1.18763280
209,0.89808488
4773,1.03442168
12128,0.80241197
3188,0.93734747
2878,1.00440514
13191,0.91687393
11034,1.09197640
1588,0.61501598
1660,0.72775900
5220,1.13633609
8082,1.20170903
3805,0.84439594
8944,1.19916177
9075,0.82771927
5595,0.74031329
15058,1.02591085
10350,0.79134512
13304,0.88850039
2636,0.79655313
14392,1.22553110
2775,1.24108326
3530,0.68729240
2213,0.98773259
414,0.88172692
1772,0.97545797
4245,0.84092760
5589,0.90346712
5685,0.94906247
10446,0.88352931
10211,0.88199848
9967,0.94536257
11406,0.75445914
5284,0.96021795
2437,1.12299454
13210,0.85510731
14979,0.79532683
7022,0.70087320
4998,1.11171138
12744,0.86608887
3801,0.76566911
1063,0.88022733
1650,1.28599119
2467,0.90405279
3342,1.03349018
2079,0.94842923
5039,0.92311817
1139,0.69649369
1241,0.76350117
13108,0.88870823
12951,0.83928949
13002,0.84932870
1607,1.33552992
5004,1.10529029
1316,1.16229069
14196,0.68737775
1574,1.01989293
7746,1.48861551
14272,0.96374214
8249,0.64684224
5360,0.89515877
8128,1.31730580
2861,0.98102534
2726,0.93960845
5126,1.32508624
13810,0.84140193
8527,0.70106274
7645,0.85448319
10645,0.69973391
4606,0.78231472
10982,0.99404037
11418,1.05479896
221,0.97220004
10728,1.08566535
4121,0.82787335
146,0.70201355
13871,1.01718485
5897,1.07770658
12403,0.68676972
1317,1.11809480
6117,0.66406238
14847,0.86443442
1771,0.69529068
14055,0.82580984
11620,0.79188323
11154,1.03798270
2809,1.19116747
3257,1.12138724
13292,0.86916286
9706,1.15763891
2076,1.01149750
13993,0.75244236
2889,0.47178724
2834,0.80848253
14598,0.97664684
6511,1.23248935
14165,1.17134559
9283,0.94093317
4577,0.56404048
3538,0.95128554
7035,1.01225853
7416,0.98773777
8385,0.91773361
1791,0.92518950
8116,1.30867660
14066,1.02252817
10553,0.76704198
2804,1.19652951
13176,1.09421527
1570,0.59308803
8985,1.14342213
9421,0.89215994
2705,1.01353776
12000,1.03224635
10363,0.81103694
5465,1.01789975
5402,0.76662910
5868,0.88422507
1667,1.06182098
14765,0.90593129
5774,0.83217257
14384,0.54453903
6555,0.72891760
3811,1.18490398
401,0.47870469
10139,1.05643928
14264,0.95686775
12254,1.08548760
9598,0.98651105
11031,0.77228516
6916,0.86058563
7496,0.63332331
1579,1.05036664
7003,0.76900083
11906,1.04266608
9118,0.93439168
13604,1.02165520
7604,1.07138932
7656,0.87342471
6320,1.05395067
14485,1.08658946
13852,0.77466953
4959,1.00768352
10406,0.94120467
12328,0.68351632
3746,1.15476394
11133,1.19750988
13548,0.73527759
5638,0.66488141
7330,1.17720520
263,1.07965469
12879,1.05618441
10984,1.02083409
8515,0.72290027
5219,1.30893779
10739,1.02992427
9304,1.10547352
3602,0.59394312
14230,0.64794266
9663,0.64577055
6091,0.92732221
2181,1.04181004
13104,0.96755803
12964,1.00841916
7596,0.79621053
7101,0.71212751
5637,0.93437451
5122,1.12620485
10845,0.66503733
4838,1.34766805
5978,0.69990313
9775,0.86478454
9060,0.93832606
9528,0.79291141
11491,0.76253164
9679,0.82356977
12851,1.14373922
7340,0.88783240
4176,1.10192621
1957,1.07630908
3271,1.08746731
14145,0.95186895
8888,0.84839553
5869,0.85003883
7481,0.73062497
6616,0.74998790
7786,0.94122022
13399,1.00400960
12983,0.73589158
4846,0.68227941
14943,0.77512527
4021,0.65300643
8955,0.91179687
14144,1.04059386
8561,1.01450157
5520,0.94468212
10331,0.82495588
9380,1.03351498
10187,1.07848299
418,0.85003364
4204,1.03206778
8138,1.20243311
2880,0.94789076
9128,0.79903638
11978,0.84552526
2719,1.03825724
11764,0.95508027
14131,0.71318513
14109,0.90323812
5943,0.92391676
752,1.15608311
12932,1.46306074
14795,0.91033679
3120,0.65636003
311,0.89071172
7741,1.03420258
3741,0.81404006
14052,1.09980822
11603,0.99825042
2231,0.91991460
8645,0.96507114
9415,1.17292893
6304,0.92792028
3894,1.05955052
5391,0.89949375
13720,1.02915525
5057,0.68158054
5153,0.88127655
6293,0.94590485
14228,0.83938897
8506,0.90522540
9758,0.82878911
14641,0.91185963
11718,1.01286018
9448,1.04208779
5245,1.03692210
5784,0.99504912
14332,0.70627081
7817,0.92988586
3804,0.79036981
12834,1.11456490
489,0.57333207
13997,0.78553581
7566,0.98190564
7136,1.07910514
9079,0.63274121
4406,0.86322808
10469,0.73315847
5932,0.81184953
13335,0.99658936
3585,1.17226732
2618,1.00639904
10185,1.01561284
10625,1.39952540
1823,1.10893869
10808,0.64013749
4958,0.77773035
8340,1.01807833
1396,1.23813903
10378,1.05736816
10204,0.50310844
14758,0.63351864
8121,1.01799691
3754,0.76566815
7368,1.09223306
10240,0.48094395
13615,0.67219049
3139,1.12114453
6445,1.05496204
11504,1.21825016
5264,0.71835005
12474,0.98531026
979,0.89238006
6491,0.58206338
14687,0.90831894
10875,0.83101386
3042,0.80087012
9153,0.98801094
12330,0.84001541
9396,1.17632377
8664,0.79641742
6438,0.97960812
13910,1.58068597
3016,1.03309786
2256,0.88619745
5436,0.72363186
7272,1.16139376
7999,0.81750703
11246,0.87531257
11452,1.14208543
7506,0.99018461
9382,1.61081576
1770,1.15070832
8986,0.82854354
12878,1.43143439
5345,0.99006939
1799,1.02759850
7103,0.62417281
8741,1.33428121
1989,0.90132070
8464,0.96459442
5455,0.97974497
13221,0.69324714
12575,0.66617453
9843,1.07282889
4670,0.74699950
7758,1.12806642
11972,1.30612230
13779,1.06952608
1117,0.75089568
3377,0.72730231
13774,0.84332198
969,1.48836422
14246,1.44039369
11378,0.76532352
9192,1.03268266
3926,1.01757085
3147,0.80201524
2168,0.99198592
4964,0.87581319
12890,0.99780566
933,0.68022048
11032,0.86011583
9475,1.05307531
11669,1.09949005
14152,0.80864060
5063,0.85580951
14636,0.84509605
126,0.73329395
2613,1.65028381
14620,0.62328416
12711,0.79018223
10857,0.95644152
12485,1.10742974
729,1.08299387
8630,1.05923700
909,0.93729299
2936,1.39787662
11582,1.02688992
13167,1.16601074
6556,1.10549104
1643,0.93405998
4235,0.84430540
8643,0.87744170
3723,0.92764449
220,0.69967455
7097,1.04923940
9151,0.72527730
3558,1.27467430
12170,1.04725349
730,1.29880118
3319,0.80884230
10848,1.04306686
633,0.71373165
5513,0.94157732
1889,0.98941350
10701,0.68309724
7915,0.85352361
14352,0.94669360
1651,1.21082914
8563,0.69721556
1863,0.97742897
2927,1.06945455
8511,1.08630896
3567,0.70885867
10685,0.91631150
3905,1.06202686
14511,0.86930388
10333,1.12227714
11698,0.73892158
7764,1.17771387
2279,1.06730080
14503,0.70053750
1194,0.70817721
13470,0.87704062
4819,0.82412970
7522,1.32393277
1753,0.96262997
2530,0.75472641
7986,1.17425990
988,0.94142061
10981,0.94653761
10039,1.30998242
32,1.08506632
12444,1.02893925
11370,0.88088930
1122,0.78413826
8243,0.78523189
6022,1.02909231
2524,0.71571219
8556,1.14492035
13197,1.05310488
1448,0.77699924
11474,1.01895154
3291,1.23749411
10672,0.89091808
1386,0.96362734
13329,0.91992337
5291,1.23476672
2592,0.99986243
13753,1.23952103
11160,0.95147693
4949,0.93647015
7075,0.99540067
7805,1.01453352
6447,0.90636158
9443,0.83534884
5772,0.94909191
1264,0.98892915
13703,1.09727967
12343,1.05040228
1238,0.76750386
4554,1.09956658
4923,0.61855024
5757,1.12414896
7875,1.09344220
9812,0.86459702
3304,0.78290504
3533,1.13186121
6588,0.97585112
2904,0.99263257
11911,1.49072945
2547,1.00327575
8284,1.11521089
7317,0.96942151
2054,0.98093253
4552,0.72907478
8507,0.88513380
6716,0.87616199
11279,1.31000662
7314,1.09636617
5155,0.92065841
14504,1.11129665
8641,0.73782420
7454,1.51634753
13719,0.97446603
682,1.08528256
7862,1.02250087
595,0.85396880
5428,0.77200878
5530,1.02139771
1716,0.88196397
817,0.97166765
9051,1.12207472
10162,0.92659253
2731,0.99535286
8183,1.04681861
5017,0.82754874
4120,0.95150989
13600,0.80095291
11003,0.86214530
4615,0.51232141
12058,1.23349881
11494,1.08045554
3701,1.05297911
394,0.83264321
3033,1.00540292
8627,0.77725726
10785,1.17186487
4997,1.08913112
2098,0.71115279
2224,1.22583413
1598,0.81556034
1329,0.79253614
8668,0.67281055
10478,1.02423048
6419,0.94066852
9646,1.47180128
12036,1.00543690
11404,0.89840919
4358,0.98801100
14258,0.75417441
8819,0.75663042
11801,0.99814385
5243,0.98193818
5967,0.72274762
10335,1.02432525
12842,0.64103943
13006,1.33111703
4625,0.80983496
2797,0.87648797
11927,1.03634167
14579,1.14991200
6435,0.83014232
10816,0.66626012
2176,1.27271545
379,0.89432645
8907,1.07578456
10693,1.04942453
10586,0.70722222
1946,0.72808266
336,0.80557436
3503,1.01625931
12901,0.99909538
8795,1.02332401
11679,1.18780136
11305,1.02723193
2894,0.82207978
13229,0.97545844
5905,1.11727333
5130,1.21089637
5501,0.95365685
13673,0.73104697
4897,1.17193711
11979,1.07442021
6984,0.83276135
13162,1.06966913
13883,0.81618774
14204,1.12512434
5559,1.41373563
8325,1.34596169
2671,0.78261739
1341,0.72274643
6823,0.82993513
12923,1.11084628
12048,0.93925363
12681,0.77393329
6660,0.94203478
14401,0.86128545
5831,0.85141581
802,0.82507092
8695,1.06046307
7690,0.79027271
2018,1.14518356
6470,0.78208721
4027,1.12090361
13386,0.91832799
377,0.72896302
9613,0.74220324
12933,0.72000909
180,0.84149325
13260,0.92344147
9682,1.25415099
3062,1.16149485
13858,0.87898171
12018,1.08931172
4568,0.54875070
5209,1.03517103
5824,0.79724014
11746,0.75051951
13069,0.86194187
13886,1.07156813
4658,1.06893337
9064,1.09087193
8708,1.09208727
12915,1.17257845
6572,0.54886132
4267,1.03967583
14035,0.92139846
12581,0.98491734
7408,1.29695785
8398,1.03234315
240,1.03298795
4827,0.80256957
6884,0.85252190
2381,0.91426837
11100,0.73334980
12288,1.01306283
13038,0.80076259
14084,0.79724479
4198,0.77784914
7359,0.92738181
5721,0.94981301
12553,0.95643497
10353,1.16677797
2827,1.06048012
11522,0.95511276
1720,0.82036000
11661,0.84689641
11733,0.70186710
4381,0.98656780
9688,0.96171230
449,0.48639897
2824,1.03418529
14596,0.68837798
9728,1.50108564
14914,0.72882879
7436,1.17326665
1172,1.33576858
4091,0.70079535
1959,1.04003489
217,0.78216374
938,1.06982064
5613,0.84041500
7124,0.74797392
3268,0.94139576
350,0.90645051
4793,1.23169637
10147,1.15673065
6548,1.02933586
1634,0.80674756
5318,0.67730731
7038,1.00412655
5067,1.48957086
14968,1.14195406
4501,0.76187861
12152,1.18795586
8142,1.05698872
13824,1.52572918
14300,0.87255269
5987,0.71229911
9312,0.96998996
9846,0.85317677
5468,1.22305679
7241,1.08449709
5999,0.77502877
5594,0.98580796
13727,1.27481163
11159,0.74890876
10466,1.01262951
7235,0.80457336
4000,1.41749287
9776,0.72074741
13213,1.16049671
2173,0.80651754
12881,0.90241766
7417,0.85525757
9852,1.17268109
11550,1.06657219
6669,1.02223837
3412,1.20645130
15012,0.98134273
11731,1.06852019
12771,0.97704041
8202,0.65533197
12265,0.98347867
8862,0.55990028
3587,0.87554669
5938,1.11877692
9197,0.83694124
13956,0.51297927
11205,0.71870810
6679,1.19284165
763,1.16970992
11110,1.09653199
2209,1.16323411
1074,0.81583720
7809,0.82219863
14285,0.94023055
15005,1.11030602
8655,0.97342193
11375,0.75157195
3093,0.63816494
14938,1.40095258
3289,0.68301529
8999,0.92379791
9225,1.19744384
7142,0.82046008
2565,0.72345471
1106,0.98756105
875,0.74407858
6575,0.72169226
8337,1.07881176
7457,0.77040303
6330,1.00565481
5466,1.00805259
2918,0.62971950
13240,0.72754335
2805,0.67211246
3156,1.15285730
11732,0.77026081
3549,0.65473038
11622,0.86143219
1322,0.82755953
9407,0.96225554
12324,1.05343354
4362,0.79997247
14982,1.10185289
11652,0.94417632
10716,0.55051094
7278,1.20369411
3333,0.87228763
387,0.74516934
4785,0.95783305
2833,0.89837116
6313,0.86708069
1857,0.61851728
911,0.87222010
5612,0.75865418
10577,0.95451438
11396,0.95226026
2404,0.87412173
1110,0.98322606
6414,1.14373755
7864,1.09198952
5763,0.63331765
1001,0.71992058
9243,0.75922221
4626,1.38414049
12747,1.06357157
8055,1.04684401
13985,1.11402917
5408,0.75685918
5803,0.68568951
10305,1.31229448
1399,1.05826879
967,0.97895324
10368,0.96552861
5447,0.64440525
13066,0.76665789
7144,0.70060837
13589,0.96998495
8032,1.11392486
4108,0.85027361
11506,1.09979379
1755,1.07935512
5274,0.79408747
15091,1.01841271
12980,1.01624513
14578,0.58067799
9810,1.03398025
4234,1.02258623
14008,0.89429528
4608,0.98487347
1039,1.18873012
11381,0.75532788
10772,0.68554848
994,1.08492577
4364,1.33259046
10549,0.97022539
14555,1.23521256
14437,0.77579910
4159,0.98953450
8350,0.81803864
9039,0.87486863
5907,0.82787555
498,0.81661046
13759,0.95930403
10659,1.09306693
3692,1.57967198
2948,0.89838159
1383,0.96948564
7754,1.50135052
5576,0.67920047
13035,1.41564000
7423,0.97563678
11039,1.07616735
10099,0.89296842
5801,0.94816005
10209,1.10196388
10741,0.87694091
6708,0.96534199
572,0.78346145
4661,0.86423165
5370,0.98365211
352,0.81968009
8820,1.22317839
5358,0.95268101
6861,1.31839049
14446,0.72241902
920,0.69543457
6837,0.85658032
11021,0.81726217
12989,1.23072135
6307,0.82020158
5720,0.89544916
14455,0.99440324
5019,0.60051286
13476,1.17127073
9062,0.80809289
14469,0.61679637
5486,0.76529098
14612,1.03552902
6987,0.74000502
8498,0.64798087
14803,1.17364275
9141,1.03432417
6540,0.67871517
11998,1.33616912
3032,0.69817048
14051,0.77721804
7123,0.78023380
6864,0.89472044
13545,0.96685302
5807,1.05963218
4177,0.80094236
8837,1.07911170
10649,1.12230659
10215,1.03447211
5330,1.07805729
3848,1.28039134
6274,1.23212850
431,1.02493107
9850,0.86917841
6772,0.98514187
14619,1.20663440
3028,0.76190269
6662,1.11371851
10784,0.99239272
3402,0.88909048
10842,0.72541320
3729,1.17601585
11863,0.99311757
11103,0.86402303
9841,1.38720644
14141,0.67877942
4317,0.82594627
10010,0.75004876
14877,0.77172834
7651,0.80865699
72,0.95169133
8037,0.85403109
10197,0.92023706
7995,0.86905545
4713,0.99729019
13305,0.84889275
14848,0.99641758
8431,1.02898896
5993,1.14407241
4930,0.56890517
8717,1.43186057
606,0.53348196
10822,1.01850176
8240,0.78464824
4396,1.32014370
12787,0.86534256
10757,1.00451815
6965,0.84337795
13464,0.69690931
10141,0.82228273
11005,0.83510756
14710,0.79798657
13677,0.92595911
3708,1.32881105
10969,0.75009155
1790,0.84431404
13013,0.65819973
4748,0.78755563
9408,0.68736112
2119,0.98326021
4832,0.98290992
1733,0.72587967
4178,0.87997431
2154,0.50116056
4092,0.47061938
10762,0.99909592
9659,0.95443285
9187,0.92985088
12600,1.63658834
13455,0.82161486
11556,0.74158901
1661,0.69392276
2491,0.96035427
14044,1.13865542
4567,1.06225955
7220,1.23013818
3850,0.90919429
3097,1.23607743
1199,0.86284107
2494,1.20518816
2526,1.20493269
2928,0.88055670
2052,0.50214350
4242,1.09520853
3168,0.99610424
11493,1.27250695
11258,0.96388865
3005,0.88898790
15047,1.09644032
13319,1.03282273
14372,1.13569832
9155,0.77822018
1610,1.06190741
13769,1.21573603
241,1.56091821
14011,0.89857709
8839,1.03372741
11500,0.93234569
13943,0.84260130
2222,1.07112753
6986,0.69461769
5001,1.08844388
6519,1.03797162
2713,0.49853662
8794,1.09460747
13602,1.07614136
11471,0.70138621
5381,0.87841243
14946,1.06912971
14855,1.01197422
14665,0.83824927
6101,0.85301495
6991,0.98031253
11121,1.18803298
2185,0.78524286
2326,0.72395617
13787,0.77170169
2469,0.75056398
10328,1.00974274
4,0.87946630
15080,0.66340131
901,0.93569124
5678,1.10375202
2770,0.76861560
7331,1.16339588
5631,0.85123545
1451,0.67053270
14236,0.56720358
5089,0.84156966
1807,1.05419195
10080,1.07661080
9787,1.33888912
10921,1.15406203
2137,0.88339382
539,1.03512025
12409,0.85595143
12578,0.75909877
5873,0.81679928
1539,0.82680821
946,1.01799965
10503,1.06094038
4999,1.07889831
14646,1.31318438
4109,0.85790896
13307,1.17880058
12396,1.00970984
13868,0.82369125
5687,1.07599449
838,0.87549382
13018,0.97651148
5808,1.47988880
425,0.89873886
14551,0.91270405
1351,1.12815166
14738,0.73519832
2271,0.73401809
7462,0.86561114
12370,0.75461912
4252,0.83830607
14770,1.02059615
7319,1.07633555
14202,0.86538410
12213,0.80702955
11528,0.72403592
3214,0.84501070
2508,0.91925079
6111,1.12621999
1954,0.87936765
25,0.93036801
1486,0.93163377
1104,0.78016996
1358,0.57796693
2165,0.92961562
203,1.02470922
10554,0.84644806
1402,1.30509675
9331,0.66910517
12093,0.79673618
1348,0.68445694
1923,0.99623930
3285,0.66342020
1330,0.78085452
6760,1.06168413
1906,1.07167137
4069,0.95985073
1102,1.17388380
12652,0.70818073
7882,0.95593554
3684,0.92398238
912,0.81940252
437,0.92439824
9753,0.90672725
4098,1.20078516
2907,0.95919383
5749,1.17012727
715,0.87536377
9735,0.75074738
12199,1.13106644
3614,0.87320107
2476,1.02849841
514,0.83598059
657,0.98751122
11261,1.06329393
2045,0.87791735
7329,0.67818809
883,1.31118047
12478,0.88419807
7897,0.94402641
5692,0.73050785
666,1.11055946
6106,0.97643155
5618,0.88917553
14106,0.85235780
7096,0.84373075
13627,0.69885939
1540,0.82592595
14491,1.02475452
8994,1.11870420
2750,0.92121834
8905,0.96352738
13415,0.98813486
4754,1.02712977
5240,1.26689696
10238,1.00242782
797,1.14658427
13250,0.63041222
10389,0.82830840
374,0.73226005
14284,1.11598051
11727,0.94540781
4828,0.55799526
1805,1.16388118
9725,1.35356343
3389,0.96612161
3528,1.01447988
6926,0.65468860
13367,1.24310577
3510,0.86457199
8827,1.17420042
1583,0.90331447
8450,0.70316583
12623,0.85884517
2956,0.87548488
6036,1.09394467
6322,0.83372110
2066,0.68918115
8043,0.83990479
12232,1.06988382
9723,0.68362689
12726,1.11637580
4047,1.06298625
2319,0.75143760
10817,1.30269206
4274,0.85930157
6576,1.24623883
2002,1.18450010
4052,0.95279652
7427,0.84899539
3125,0.82647818
11535,0.97436589
11156,0.77735645
530,0.73374408
9979,1.12747335
7463,1.07575738
10109,0.86229038
9230,1.05194592
7122,1.26284730
12974,0.61607027
1073,0.83761805
11785,1.05108464
9132,0.75552243
8185,1.05887926
7342,0.73214960
7775,1.01005268
9904,1.13609898
1042,0.63501918
2855,0.74971110
6068,0.76171941
1314,0.63044435
8978,0.89149404
14056,1.09367454
5343,0.73463356
11372,0.70848173
6261,0.72525823
6298,0.53286141
12825,0.70231646
1184,0.84584051
12536,1.02783692
636,0.78934658
6472,0.70362717
10427,1.03757191
12077,0.74142551
9903,1.05728018
2492,1.19266653
5234,0.89555174
14897,0.83372003
5406,0.67870969
8649,0.89499158
8101,0.71113354
3548,0.65209931
5675,1.00370526
9961,0.99497843
5671,0.88348252
7222,0.97918779
14679,1.20938540
5526,0.81929374
2451,1.06190944
5686,1.07750535
3197,0.75264239
4641,1.08454657
4322,0.70131141
14462,0.75858641
4353,0.73014081
12162,0.83878529
13325,1.03383458
9956,1.12548041
13377,0.73313028
12737,0.69510496
4632,0.86844540
95,1.00130486
854,1.14874887
1584,0.93563420
13924,0.80123144
7441,0.76936430
4199,0.91689485
1826,0.95185179
4707,1.28508806
1484,1.06829381
5357,1.03937268
11176,0.77917248
6564,0.86837614
12407,0.80398881
11842,0.96591282
2737,0.62704605
523,1.02140713
8103,0.60287476
14314,0.63919353
5070,0.95669782
216,0.87107354
9972,1.06767344
2877,1.28216434
11304,1.00268018
1555,1.12468338
1307,0.84483474
11908,0.92808026
5258,0.86876971
7410,1.31692219
12443,0.66246825
14664,0.80920899
9184,0.78518790
4460,0.85782588
10050,0.94459862
9018,1.49156260
7630,0.67230552
2309,0.92285466
5359,1.25196993
12905,1.24535573
7788,0.73387635
7683,0.86018848
2859,0.98631483
3009,0.87623543
3064,1.22693348
13922,1.11355865
1171,0.77476722
12511,0.95337558
7573,1.02066636
13290,0.84639341
5094,1.07208514
10644,0.86867535
13690,0.69909692
7543,0.93245888
8401,0.91776597
11654,1.03928804
13141,1.03396332
1145,1.00833011
2358,0.66599917
13906,1.12509274
5747,0.82719964
13649,0.85885036
11439,0.98576623
11649,1.22503674
13550,1.18844402
5565,0.48936576
6785,0.94064111
1423,0.80832732
3888,1.21145904
740,0.84548664
3215,1.25632274
14634,1.18165457
12092,0.70602292
8800,1.20887637
4079,0.80183125
5504,1.03961551
7628,0.70591187
12865,0.98605412
1898,0.97795266
12918,0.60745317
11763,0.66632438
14164,0.97077489
12289,0.85327768
8217,0.95561212
7611,1.16998374
13735,0.95891452
5105,0.69692874
3973,1.00871313
9586,1.12510657
14505,0.94178116
4057,1.20397651
13454,1.15888071
14772,0.83563888
7968,0.68872327
11447,1.10325408
695,0.85995770
14571,0.74094343
7843,0.84257948
9120,0.88953310
13080,1.15812159
7529,0.77014744
11497,1.26018918
2644,0.63438666
10398,1.05484664
9314,1.05076849
3576,1.14830649
3565,1.06104040
6402,0.81639451
5446,0.88718688
5307,0.74758267
1236,0.91262841
10556,1.00270653
1149,0.75183886
9350,0.97015512
8566,0.79723185
11294,0.67919338
3830,0.90474987
3223,1.20268703
3886,0.79897797
9235,1.41074395
7060,0.80100983
13578,0.69021147
14675,0.66555309
6806,0.98570275
7742,0.93232679
12614,1.04619920
10326,0.84594655
11182,0.57886153
687,0.71761602
8388,1.16460824
12310,0.81318194
12096,0.65750730
12300,1.04448533
727,0.84182143
7238,1.00158143
10033,0.73015130
4904,0.61022770
10359,0.83358091
1797,1.06518221
1163,0.79552454
11435,0.56203908
870,1.02009296
362,0.81524193
12801,0.75524855
8313,1.07065451
12718,0.81180382
14340,0.80761099
2037,1.15937221
540,1.16206288
4181,0.90000504
2890,1.02918839
504,1.11061251
4478,1.01743913
978,1.00640059
7078,1.06859517
3704,1.20486295
3108,1.21886802
10964,0.73882532
13234,1.11388969
8442,0.87309772
9930,0.90140665
5418,0.69544798
1254,1.05994344
4558,0.92984998
10213,0.52715862
4940,0.85295117
3570,1.06447744
13577,0.70775402
5388,1.10560405
10769,0.91893023
3013,0.76371598
14257,0.74523675
9754,0.76830906
6359,0.74913168
6449,0.73893535
14557,0.91719043
9670,1.09385324
4369,0.99035615
10660,1.15771401
8803,0.97017360
9685,0.55748165
2510,0.72975314
13115,1.02404499
14863,0.83676153
3982,0.76433837
10486,1.34420371
1353,1.01011693
3851,0.84308100
10493,1.25443816
10219,1.23365664
1620,1.12369859
8909,1.08378053
13,0.96124625
1326,1.14858127
11479,1.03430653
5844,0.80016953
2031,1.21828544
4777,0.80305368
6030,0.77001160
4165,0.76258057
2191,0.69682264
7389,1.13337624
4129,0.97854620
8886,0.93438303
12804,1.09639108
11163,1.02241600
1176,1.05308139
13356,0.87213159
3700,1.05636418
662,0.88141400
3685,0.88253731
5443,0.78849965
5461,0.96274561
2783,0.69328231
4566,1.04359579
9652,1.07707882
11243,1.11139297
368,0.99884528
15017,0.96830398
116,0.89595568
4686,0.68320012
12125,1.22989368
4055,1.07417047
13990,0.94146931
8858,1.15285826
11574,0.92328393
14032,1.12226629
1256,1.15127003
9163,0.65041631
2221,0.78224856
6932,0.92441577
2414,0.55060333
1076,0.53474331
13394,0.85306937
11703,1.51679397
15075,0.73832202
10272,0.93798906
4152,0.80827570
13579,0.64547992
10421,1.10019863
983,1.06253111
13298,1.24807310
12883,0.71163815
8524,1.09348845
2938,1.00678027
8015,0.98548138
10885,1.04729927
6620,0.97692692
13783,1.18059194
4145,1.04820287
12305,1.09597027
3518,0.79966730
10266,1.12983322
11219,1.02193725
10404,1.45786953
7985,0.90764534
8806,1.18104935
8054,1.00152314
1693,0.71161699
936,1.03369272
6032,0.95226848
1828,0.70652753
3656,1.27847695
6290,0.84479016
5075,0.80905533
1814,1.27865589
11875,1.08104825
9009,0.75438404
14017,0.87229759
13836,0.73131311
5645,1.18560255
1289,0.51615006
9498,0.91852033
12919,0.57390940
12701,1.32290173
10718,0.95240813
10509,1.01246250
7151,0.98262292
3980,1.07393396
1739,1.04757738
1373,1.02953959
12910,1.42415333
2489,1.06819391
11744,1.01831329
13909,0.69151920
407,0.86669886
10684,0.95796895
13638,1.08018064
7233,0.85838729
8910,1.11899090
4588,1.02856135
6133,0.72153527
12769,1.29238677
8499,1.02051950
9513,1.00830984
5188,0.97449815
12924,0.55227053
1342,1.15075946
6043,0.69378597
4016,0.77792144
10374,1.03741503
10196,0.91132903
3680,0.73820853
7524,0.75815171
1025,0.90193832
670,1.16396332
2906,0.92949414
963,0.79442698
7695,1.19236219
11539,0.95531827
300,0.75209761
8537,0.70723188
3349,0.57812357
11728,0.88465869
6892,0.97304940
14864,0.93887866
9686,0.96099955
7703,0.83886302
104,0.76391047
9629,1.07335722
10290,0.75856119
11970,0.99509931
10971,0.63927418
9164,1.61211503
10093,0.99516553
6049,1.15993750
1813,0.68133765
14767,1.11899638
4937,0.82696301
7982,1.00539494
3146,0.88556671
184,1.32760024
14186,1.01943421
2024,1.24318194
6075,1.22507703
11442,1.10343874
4810,1.00063443
1585,1.09105670
1864,1.02343440
532,0.97059298
14654,1.09758902
648,0.90017951
10160,0.94126642
12303,1.01644576
10973,0.81262660
393,1.27711248
1477,0.77863240
5178,1.04693639
272,0.77400792
4170,1.11836982
7438,0.62190223
6494,0.78412431
5580,1.61561787
5705,0.82234448
10343,0.96634465
12203,0.88194472
4947,1.10996449
13914,0.94281942
5913,1.08295321
4086,0.91191834
6327,1.00929415
5652,1.30553794
8311,0.87120819
12986,0.70938730
5745,0.99550188
11898,0.74739873
9995,1.15255678
10621,1.22112358
6612,0.91382557
3269,0.82508975
5181,1.30151975
5798,0.78355801
4130,1.15917480
323,1.10158360
7549,0.66258842
2667,0.74193949
12356,0.90238804
8328,0.95780945
6365,1.03117990
12172,0.66709900
5733,0.56588578
14361,1.10210431
9696,1.05443764
3605,0.97202080
1572,0.92358571
1202,0.54763722
14764,0.94427669
12595,0.92318708
70,1.07486820
14315,0.84148610
